text,sentiment
I absolutely love this product and use it every day,positive
The new update is fantastic and much faster,positive
Amazing experience the design looks beautiful,positive
Customer support solved my issue quickly thank you,positive
This feature is useful and works exactly as expected,positive
I am very happy with the overall quality,positive
Brilliant improvement the application feels smooth now,positive
The service exceeded my expectations,positive
This is the best update so far,positive
Everything worked perfectly during my test,positive
The product is okay but nothing stands out,neutral
It works as expected without any major surprises,neutral
The interface is simple and functional,neutral
I have no strong opinion about this change,neutral
The experience was average for me,neutral
Nothing special happened during the test,neutral
The feature is available and can be used,neutral
Today was a normal day with no issues,neutral
The results are neither impressive nor disappointing,neutral
It is fine for basic use,neutral
This update is terrible and broke my workflow,negative
I am disappointed with the poor performance,negative
The application is slow and frustrating to use,negative
Customer support did not solve my problem,negative
This was a waste of time and money,negative
I hate the new interface it is confusing,negative
The latest release introduced too many bugs,negative
The experience was extremely frustrating,negative
This feature does not work properly,negative
I regret installing this update,negative
